"date","day","month","year","quarter","weekday","week_number","season"
"2013-10-19",19,10,2013,4,"saturday",42,"Fall"
"2005-02-01",1,2,2005,1,"tuesday",5,"Winter"
"2010-10-27",27,10,2010,4,"wednesday",43,"Fall"
"2003-03-30",30,3,2003,1,"sunday",13,"Spring"
"2008-11-08",8,11,2008,4,"saturday",45,"Fall"
"2007-02-14",14,2,2007,1,"wednesday",7,"Winter"
"2011-09-18",18,9,2011,3,"sunday",37,"Fall"
"2009-07-01",1,7,2009,3,"wednesday",27,"Summer"
"2017-04-14",14,4,2017,2,"friday",15,"Spring"
"2021-07-27",27,7,2021,3,"tuesday",30,"Summer"
"2020-07-21",21,7,2020,3,"tuesday",30,"Summer"
"2020-12-12",12,12,2020,4,"saturday",50,"Winter"
"2012-03-05",5,3,2012,1,"monday",10,"Spring"
"2011-04-24",24,4,2011,2,"sunday",16,"Spring"
"2022-03-21",21,3,2022,1,"monday",12,"Spring"
"2000-09-26",26,9,2000,3,"tuesday",39,"Fall"
"2004-07-20",20,7,2004,3,"tuesday",30,"Summer"
"2019-09-15",15,9,2019,3,"sunday",37,"Fall"
"2017-12-23",23,12,2017,4,"saturday",51,"Winter"
"2013-11-09",9,11,2013,4,"saturday",45,"Fall"
"2007-07-07",7,7,2007,3,"saturday",27,"Summer"
"2019-05-07",7,5,2019,2,"tuesday",19,"Spring"
"2011-10-07",7,10,2011,4,"friday",40,"Fall"
"2000-12-13",13,12,2000,4,"wednesday",50,"Winter"
"2018-05-29",29,5,2018,2,"tuesday",22,"Spring"
"2007-05-05",5,5,2007,2,"saturday",18,"Spring"
"2011-07-20",20,7,2011,3,"wednesday",29,"Summer"
"2018-10-28",28,10,2018,4,"sunday",43,"Fall"
"2008-02-28",28,2,2008,1,"thursday",9,"Winter"
"2008-09-30",30,9,2008,3,"tuesday",40,"Fall"
"2004-12-03",3,12,2004,4,"friday",49,"Winter"
"2017-03-16",16,3,2017,1,"thursday",11,"Spring"
"2014-03-21",21,3,2014,1,"friday",12,"Spring"
"2020-04-22",22,4,2020,2,"wednesday",17,"Spring"
"2022-02-03",3,2,2022,1,"thursday",5,"Winter"
"2015-10-20",20,10,2015,4,"tuesday",43,"Fall"
"2002-05-29",29,5,2002,2,"wednesday",22,"Spring"
"2014-10-18",18,10,2014,4,"saturday",42,"Fall"
"2012-11-15",15,11,2012,4,"thursday",46,"Fall"
"2021-11-17",17,11,2021,4,"wednesday",46,"Fall"
"2011-01-20",20,1,2011,1,"thursday",3,"Winter"
"2019-07-20",20,7,2019,3,"saturday",29,"Summer"
"2013-05-27",27,5,2013,2,"monday",22,"Spring"
"2018-06-28",28,6,2018,2,"thursday",26,"Summer"
"2012-08-23",23,8,2012,3,"thursday",34,"Summer"
"2013-04-19",19,4,2013,2,"friday",16,"Spring"
"2020-09-22",22,9,2020,3,"tuesday",39,"Fall"
"2013-10-20",20,10,2013,4,"sunday",42,"Fall"
"2001-11-14",14,11,2001,4,"wednesday",46,"Fall"
"2000-09-02",2,9,2000,3,"saturday",35,"Fall"
"2008-01-06",6,1,2008,1,"sunday",1,"Winter"
"2016-11-17",17,11,2016,4,"thursday",46,"Fall"
"2008-02-28",28,2,2008,1,"thursday",9,"Winter"
"2011-07-06",6,7,2011,3,"wednesday",27,"Summer"
"2005-01-31",31,1,2005,1,"monday",5,"Winter"
"2013-06-02",2,6,2013,2,"sunday",22,"Summer"
"2006-12-11",11,12,2006,4,"monday",50,"Winter"
"2011-06-27",27,6,2011,2,"monday",26,"Summer"
"2010-04-28",28,4,2010,2,"wednesday",17,"Spring"
"2009-12-11",11,12,2009,4,"friday",50,"Winter"
"2014-01-21",21,1,2014,1,"tuesday",4,"Winter"
"2013-05-06",6,5,2013,2,"monday",19,"Spring"
"2019-09-02",2,9,2019,3,"monday",36,"Fall"
"2010-07-16",16,7,2010,3,"friday",28,"Summer"
"2006-02-09",9,2,2006,1,"thursday",6,"Winter"
"2013-02-15",15,2,2013,1,"friday",7,"Winter"
"2022-03-08",8,3,2022,1,"tuesday",10,"Spring"
"2010-05-08",8,5,2010,2,"saturday",18,"Spring"
"2005-05-15",15,5,2005,2,"sunday",19,"Spring"
"2016-03-20",20,3,2016,1,"sunday",11,"Spring"
"2005-02-19",19,2,2005,1,"saturday",7,"Winter"
"2009-07-16",16,7,2009,3,"thursday",29,"Summer"
"2011-08-14",14,8,2011,3,"sunday",32,"Summer"
"2000-07-29",29,7,2000,3,"saturday",30,"Summer"
"2011-09-18",18,9,2011,3,"sunday",37,"Fall"
"2002-07-10",10,7,2002,3,"wednesday",28,"Summer"
"2017-01-16",16,1,2017,1,"monday",3,"Winter"
"2020-02-19",19,2,2020,1,"wednesday",8,"Winter"
"2015-02-21",21,2,2015,1,"saturday",8,"Winter"
"2005-05-26",26,5,2005,2,"thursday",21,"Spring"
"2006-05-09",9,5,2006,2,"tuesday",19,"Spring"
"2008-02-15",15,2,2008,1,"friday",7,"Winter"
"2015-09-23",23,9,2015,3,"wednesday",39,"Fall"
"2012-03-15",15,3,2012,1,"thursday",11,"Spring"
"2008-01-15",15,1,2008,1,"tuesday",3,"Winter"
"2022-05-17",17,5,2022,2,"tuesday",20,"Spring"
"2023-09-14",14,9,2023,3,"thursday",37,"Fall"
"2020-11-18",18,11,2020,4,"wednesday",47,"Fall"
"2016-04-30",30,4,2016,2,"saturday",17,"Spring"
"2022-01-08",8,1,2022,1,"saturday",1,"Winter"
"2013-04-24",24,4,2013,2,"wednesday",17,"Spring"
"2019-03-14",14,3,2019,1,"thursday",11,"Spring"
"2004-10-18",18,10,2004,4,"monday",43,"Fall"
"2022-01-29",29,1,2022,1,"saturday",4,"Winter"
"2021-03-03",3,3,2021,1,"wednesday",9,"Spring"
"2008-10-01",1,10,2008,4,"wednesday",40,"Fall"
"2012-09-30",30,9,2012,3,"sunday",39,"Fall"
"2023-08-11",11,8,2023,3,"friday",32,"Summer"
"2016-06-22",22,6,2016,2,"wednesday",25,"Summer"
"2003-09-02",2,9,2003,3,"tuesday",36,"Fall"
"2015-04-11",11,4,2015,2,"saturday",15,"Spring"
"2017-07-05",5,7,2017,3,"wednesday",27,"Summer"
"2008-02-05",5,2,2008,1,"tuesday",6,"Winter"
"2005-09-07",7,9,2005,3,"wednesday",36,"Fall"
"2019-11-21",21,11,2019,4,"thursday",47,"Fall"
"2013-06-29",29,6,2013,2,"saturday",26,"Summer"
"2005-09-08",8,9,2005,3,"thursday",36,"Fall"
"2010-11-12",12,11,2010,4,"friday",45,"Fall"
"2002-10-20",20,10,2002,4,"sunday",42,"Fall"
"2018-11-09",9,11,2018,4,"friday",45,"Fall"
"2018-08-16",16,8,2018,3,"thursday",33,"Summer"
"2015-03-23",23,3,2015,1,"monday",13,"Spring"
"2013-10-28",28,10,2013,4,"monday",44,"Fall"
"2002-02-09",9,2,2002,1,"saturday",6,"Winter"
"2016-10-23",23,10,2016,4,"sunday",42,"Fall"
"2020-12-06",6,12,2020,4,"sunday",49,"Winter"
"2019-09-30",30,9,2019,3,"monday",40,"Fall"
"2002-08-03",3,8,2002,3,"saturday",31,"Summer"
"2019-03-04",4,3,2019,1,"monday",10,"Spring"
"2018-06-22",22,6,2018,2,"friday",25,"Summer"
"2010-12-03",3,12,2010,4,"friday",48,"Winter"
"2018-05-10",10,5,2018,2,"thursday",19,"Spring"
"2019-12-04",4,12,2019,4,"wednesday",49,"Winter"
"2010-09-21",21,9,2010,3,"tuesday",38,"Fall"
"2017-06-28",28,6,2017,2,"wednesday",26,"Summer"
"2013-09-26",26,9,2013,3,"thursday",39,"Fall"
"2004-10-26",26,10,2004,4,"tuesday",44,"Fall"
"2007-03-10",10,3,2007,1,"saturday",10,"Spring"
"2013-04-09",9,4,2013,2,"tuesday",15,"Spring"
"2018-07-01",1,7,2018,3,"sunday",26,"Summer"
"2002-12-16",16,12,2002,4,"monday",51,"Winter"
"2005-06-17",17,6,2005,2,"friday",24,"Summer"
"2006-05-05",5,5,2006,2,"friday",18,"Spring"
"2023-08-14",14,8,2023,3,"monday",33,"Summer"
"2013-12-05",5,12,2013,4,"thursday",49,"Winter"
"2016-09-03",3,9,2016,3,"saturday",35,"Fall"
"2018-03-23",23,3,2018,1,"friday",12,"Spring"
"2020-06-02",2,6,2020,2,"tuesday",23,"Summer"
"2000-12-06",6,12,2000,4,"wednesday",49,"Winter"
"2021-07-09",9,7,2021,3,"friday",27,"Summer"
"2023-12-27",27,12,2023,4,"wednesday",52,"Winter"
"2019-04-04",4,4,2019,2,"thursday",14,"Spring"
"2016-06-16",16,6,2016,2,"thursday",24,"Summer"
"2003-08-01",1,8,2003,3,"friday",31,"Summer"
"2006-06-10",10,6,2006,2,"saturday",23,"Summer"
"2008-05-21",21,5,2008,2,"wednesday",21,"Spring"
"2000-09-14",14,9,2000,3,"thursday",37,"Fall"
"2014-03-21",21,3,2014,1,"friday",12,"Spring"
"2017-11-19",19,11,2017,4,"sunday",46,"Fall"
"2022-01-24",24,1,2022,1,"monday",4,"Winter"
"2002-02-13",13,2,2002,1,"wednesday",7,"Winter"
"2022-03-19",19,3,2022,1,"saturday",11,"Spring"
"2021-06-07",7,6,2021,2,"monday",23,"Summer"
"2008-11-12",12,11,2008,4,"wednesday",46,"Fall"
"2023-01-09",9,1,2023,1,"monday",2,"Winter"
"2017-04-08",8,4,2017,2,"saturday",14,"Spring"
"2019-07-15",15,7,2019,3,"monday",29,"Summer"
"2001-01-08",8,1,2001,1,"monday",2,"Winter"
"2024-03-21",21,3,2024,1,"thursday",12,"Spring"
"2013-09-17",17,9,2013,3,"tuesday",38,"Fall"
"2021-09-06",6,9,2021,3,"monday",36,"Fall"
"2007-05-18",18,5,2007,2,"friday",20,"Spring"
"2008-03-04",4,3,2008,1,"tuesday",10,"Spring"
"2012-05-08",8,5,2012,2,"tuesday",19,"Spring"
"2016-06-03",3,6,2016,2,"friday",22,"Summer"
"2007-06-26",26,6,2007,2,"tuesday",26,"Summer"
"2008-07-26",26,7,2008,3,"saturday",30,"Summer"
"2014-06-27",27,6,2014,2,"friday",26,"Summer"
"2007-11-02",2,11,2007,4,"friday",44,"Fall"
"2011-08-05",5,8,2011,3,"friday",31,"Summer"
"2005-05-28",28,5,2005,2,"saturday",21,"Spring"
"2003-05-24",24,5,2003,2,"saturday",21,"Spring"
"2019-06-29",29,6,2019,2,"saturday",26,"Summer"
"2023-05-30",30,5,2023,2,"tuesday",22,"Spring"
"2008-01-08",8,1,2008,1,"tuesday",2,"Winter"
"2011-10-16",16,10,2011,4,"sunday",41,"Fall"
"2020-04-20",20,4,2020,2,"monday",17,"Spring"
"2024-01-20",20,1,2024,1,"saturday",3,"Winter"
"2014-03-02",2,3,2014,1,"sunday",9,"Spring"
"2021-02-18",18,2,2021,1,"thursday",7,"Winter"
"2006-10-07",7,10,2006,4,"saturday",40,"Fall"
"2019-05-31",31,5,2019,2,"friday",22,"Spring"
"2016-02-29",29,2,2016,1,"monday",9,"Winter"
"2007-10-12",12,10,2007,4,"friday",41,"Fall"
"2004-09-06",6,9,2004,3,"monday",37,"Fall"
"2017-03-10",10,3,2017,1,"friday",10,"Spring"
"2015-10-20",20,10,2015,4,"tuesday",43,"Fall"
"2014-06-11",11,6,2014,2,"wednesday",24,"Summer"
"2020-05-18",18,5,2020,2,"monday",21,"Spring"
"2018-12-07",7,12,2018,4,"friday",49,"Winter"
"2003-11-13",13,11,2003,4,"thursday",46,"Fall"
"2003-05-03",3,5,2003,2,"saturday",18,"Spring"
"2013-07-08",8,7,2013,3,"monday",28,"Summer"
"2013-10-31",31,10,2013,4,"thursday",44,"Fall"
"2002-03-13",13,3,2002,1,"wednesday",11,"Spring"
"2013-02-21",21,2,2013,1,"thursday",8,"Winter"
"2013-02-01",1,2,2013,1,"friday",5,"Winter"
"2019-11-25",25,11,2019,4,"monday",48,"Fall"
"2023-11-03",3,11,2023,4,"friday",44,"Fall"
"2008-06-18",18,6,2008,2,"wednesday",25,"Summer"
"2011-07-28",28,7,2011,3,"thursday",30,"Summer"
"2021-10-29",29,10,2021,4,"friday",43,"Fall"
"2015-05-14",14,5,2015,2,"thursday",20,"Spring"
"2012-01-25",25,1,2012,1,"wednesday",4,"Winter"
"2017-04-22",22,4,2017,2,"saturday",16,"Spring"
"2008-01-21",21,1,2008,1,"monday",4,"Winter"
"2015-04-30",30,4,2015,2,"thursday",18,"Spring"
"2015-09-22",22,9,2015,3,"tuesday",39,"Fall"
"2019-04-10",10,4,2019,2,"wednesday",15,"Spring"
"2005-10-21",21,10,2005,4,"friday",42,"Fall"
"2000-11-27",27,11,2000,4,"monday",48,"Fall"
"2019-08-16",16,8,2019,3,"friday",33,"Summer"
"2006-03-16",16,3,2006,1,"thursday",11,"Spring"
"2007-05-13",13,5,2007,2,"sunday",19,"Spring"
"2006-10-26",26,10,2006,4,"thursday",43,"Fall"
"2020-10-03",3,10,2020,4,"saturday",40,"Fall"
"2010-10-24",24,10,2010,4,"sunday",42,"Fall"
"2016-05-07",7,5,2016,2,"saturday",18,"Spring"
"2017-07-05",5,7,2017,3,"wednesday",27,"Summer"
"2001-11-07",7,11,2001,4,"wednesday",45,"Fall"
"2024-04-04",4,4,2024,2,"thursday",14,"Spring"
"2019-06-27",27,6,2019,2,"thursday",26,"Summer"
"2007-05-02",2,5,2007,2,"wednesday",18,"Spring"
"2015-04-02",2,4,2015,2,"thursday",14,"Spring"
"2005-07-15",15,7,2005,3,"friday",28,"Summer"
"2005-09-16",16,9,2005,3,"friday",37,"Fall"
"2008-05-08",8,5,2008,2,"thursday",19,"Spring"
"2003-04-11",11,4,2003,2,"friday",15,"Spring"
"2009-03-01",1,3,2009,1,"sunday",9,"Spring"
"2006-08-06",6,8,2006,3,"sunday",31,"Summer"
"2006-11-18",18,11,2006,4,"saturday",46,"Fall"
"2022-03-26",26,3,2022,1,"saturday",12,"Spring"
"2005-09-27",27,9,2005,3,"tuesday",39,"Fall"
"2018-08-05",5,8,2018,3,"sunday",31,"Summer"
"2022-10-16",16,10,2022,4,"sunday",41,"Fall"
"2005-11-14",14,11,2005,4,"monday",46,"Fall"
"2017-01-29",29,1,2017,1,"sunday",4,"Winter"
"2003-05-02",2,5,2003,2,"friday",18,"Spring"
"2003-09-04",4,9,2003,3,"thursday",36,"Fall"
"2010-05-17",17,5,2010,2,"monday",20,"Spring"
"2013-04-06",6,4,2013,2,"saturday",14,"Spring"
"2009-03-24",24,3,2009,1,"tuesday",13,"Spring"
"2016-03-22",22,3,2016,1,"tuesday",12,"Spring"
"2020-12-07",7,12,2020,4,"monday",50,"Winter"
"2001-09-13",13,9,2001,3,"thursday",37,"Fall"
"2024-01-10",10,1,2024,1,"wednesday",2,"Winter"
"2002-07-10",10,7,2002,3,"wednesday",28,"Summer"
"2006-08-08",8,8,2006,3,"tuesday",32,"Summer"
"2002-08-26",26,8,2002,3,"monday",35,"Summer"
"2022-07-24",24,7,2022,3,"sunday",29,"Summer"
"2005-01-10",10,1,2005,1,"monday",2,"Winter"
"2004-05-30",30,5,2004,2,"sunday",22,"Spring"
"2021-01-03",3,1,2021,1,"sunday",53,"Winter"
"2015-11-05",5,11,2015,4,"thursday",45,"Fall"
"2006-11-26",26,11,2006,4,"sunday",47,"Fall"
"2008-02-05",5,2,2008,1,"tuesday",6,"Winter"
"2014-01-25",25,1,2014,1,"saturday",4,"Winter"
"2014-05-21",21,5,2014,2,"wednesday",21,"Spring"
"2000-11-13",13,11,2000,4,"monday",46,"Fall"
"2020-05-01",1,5,2020,2,"friday",18,"Spring"
"2023-06-13",13,6,2023,2,"tuesday",24,"Summer"
"2020-10-13",13,10,2020,4,"tuesday",42,"Fall"
"2002-05-13",13,5,2002,2,"monday",20,"Spring"
"2024-03-27",27,3,2024,1,"wednesday",13,"Spring"
"2022-11-30",30,11,2022,4,"wednesday",48,"Fall"
"2009-01-03",3,1,2009,1,"saturday",1,"Winter"
"2008-02-17",17,2,2008,1,"sunday",7,"Winter"
"2016-04-17",17,4,2016,2,"sunday",15,"Spring"
"2022-01-26",26,1,2022,1,"wednesday",4,"Winter"
"2023-02-27",27,2,2023,1,"monday",9,"Winter"
"2002-01-15",15,1,2002,1,"tuesday",3,"Winter"
"2005-10-15",15,10,2005,4,"saturday",41,"Fall"
"2022-04-10",10,4,2022,2,"sunday",14,"Spring"
"2015-08-05",5,8,2015,3,"wednesday",32,"Summer"
"2022-10-18",18,10,2022,4,"tuesday",42,"Fall"
"2002-03-21",21,3,2002,1,"thursday",12,"Spring"
"2002-02-03",3,2,2002,1,"sunday",5,"Winter"
"2001-04-02",2,4,2001,2,"monday",14,"Spring"
"2005-04-01",1,4,2005,2,"friday",13,"Spring"
"2019-05-04",4,5,2019,2,"saturday",18,"Spring"
"2004-09-20",20,9,2004,3,"monday",39,"Fall"
"2010-08-29",29,8,2010,3,"sunday",34,"Summer"
"2017-11-30",30,11,2017,4,"thursday",48,"Fall"
"2001-01-25",25,1,2001,1,"thursday",4,"Winter"
"2022-08-10",10,8,2022,3,"wednesday",32,"Summer"
"2016-12-12",12,12,2016,4,"monday",50,"Winter"
"2018-09-05",5,9,2018,3,"wednesday",36,"Fall"
"2018-04-14",14,4,2018,2,"saturday",15,"Spring"
"2007-12-28",28,12,2007,4,"friday",52,"Winter"
"2006-03-24",24,3,2006,1,"friday",12,"Spring"
"2008-03-09",9,3,2008,1,"sunday",10,"Spring"
"2020-08-02",2,8,2020,3,"sunday",31,"Summer"
"2017-07-08",8,7,2017,3,"saturday",27,"Summer"
"2013-04-10",10,4,2013,2,"wednesday",15,"Spring"
"2006-11-17",17,11,2006,4,"friday",46,"Fall"
"2020-07-03",3,7,2020,3,"friday",27,"Summer"
"2012-12-09",9,12,2012,4,"sunday",49,"Winter"
"2013-02-13",13,2,2013,1,"wednesday",7,"Winter"
"2017-11-28",28,11,2017,4,"tuesday",48,"Fall"
"2014-01-03",3,1,2014,1,"friday",1,"Winter"
"2011-04-29",29,4,2011,2,"friday",17,"Spring"
"2012-02-12",12,2,2012,1,"sunday",6,"Winter"
"2009-03-04",4,3,2009,1,"wednesday",10,"Spring"
"2007-12-14",14,12,2007,4,"friday",50,"Winter"
"2022-12-04",4,12,2022,4,"sunday",48,"Winter"
"2016-11-25",25,11,2016,4,"friday",47,"Fall"
"2010-12-20",20,12,2010,4,"monday",51,"Winter"
"2003-04-29",29,4,2003,2,"tuesday",18,"Spring"
"2008-11-20",20,11,2008,4,"thursday",47,"Fall"
"2013-01-04",4,1,2013,1,"friday",1,"Winter"
"2005-07-25",25,7,2005,3,"monday",30,"Summer"
"2012-12-18",18,12,2012,4,"tuesday",51,"Winter"
"2022-01-08",8,1,2022,1,"saturday",1,"Winter"
"2024-06-24",24,6,2024,2,"monday",26,"Summer"
"2003-04-19",19,4,2003,2,"saturday",16,"Spring"
"2010-03-22",22,3,2010,1,"monday",12,"Spring"
"2000-12-07",7,12,2000,4,"thursday",49,"Winter"
"2018-02-28",28,2,2018,1,"wednesday",9,"Winter"
"2020-09-21",21,9,2020,3,"monday",39,"Fall"
"2019-09-04",4,9,2019,3,"wednesday",36,"Fall"
"2016-10-08",8,10,2016,4,"saturday",40,"Fall"
"2019-07-21",21,7,2019,3,"sunday",29,"Summer"
"2005-07-19",19,7,2005,3,"tuesday",29,"Summer"
"2011-12-14",14,12,2011,4,"wednesday",50,"Winter"
"2013-09-16",16,9,2013,3,"monday",38,"Fall"
"2015-03-31",31,3,2015,1,"tuesday",14,"Spring"
"2009-04-12",12,4,2009,2,"sunday",15,"Spring"
"2002-12-12",12,12,2002,4,"thursday",50,"Winter"
"2007-05-17",17,5,2007,2,"thursday",20,"Spring"
"2019-06-22",22,6,2019,2,"saturday",25,"Summer"
"2013-10-19",19,10,2013,4,"saturday",42,"Fall"
"2010-10-02",2,10,2010,4,"saturday",39,"Fall"
"2002-02-25",25,2,2002,1,"monday",9,"Winter"
"2020-10-03",3,10,2020,4,"saturday",40,"Fall"
"2020-01-09",9,1,2020,1,"thursday",2,"Winter"
"2004-04-16",16,4,2004,2,"friday",16,"Spring"
"2011-03-01",1,3,2011,1,"tuesday",9,"Spring"
"2006-08-20",20,8,2006,3,"sunday",33,"Summer"
"2017-09-21",21,9,2017,3,"thursday",38,"Fall"
"2022-08-10",10,8,2022,3,"wednesday",32,"Summer"
"2019-11-05",5,11,2019,4,"tuesday",45,"Fall"
"2007-10-02",2,10,2007,4,"tuesday",40,"Fall"
"2024-05-09",9,5,2024,2,"thursday",19,"Spring"
"2010-02-01",1,2,2010,1,"monday",5,"Winter"
"2018-07-28",28,7,2018,3,"saturday",30,"Summer"
"2008-09-22",22,9,2008,3,"monday",39,"Fall"
"2021-12-23",23,12,2021,4,"thursday",51,"Winter"
"2013-12-10",10,12,2013,4,"tuesday",50,"Winter"
"2001-03-20",20,3,2001,1,"tuesday",12,"Spring"
"2020-05-07",7,5,2020,2,"thursday",19,"Spring"
"2021-02-22",22,2,2021,1,"monday",8,"Winter"
"2018-06-01",1,6,2018,2,"friday",22,"Summer"
"2002-12-09",9,12,2002,4,"monday",50,"Winter"
"2009-10-25",25,10,2009,4,"sunday",43,"Fall"
"2003-08-07",7,8,2003,3,"thursday",32,"Summer"
"2010-02-26",26,2,2010,1,"friday",8,"Winter"
"2016-05-15",15,5,2016,2,"sunday",19,"Spring"
"2015-12-18",18,12,2015,4,"friday",51,"Winter"
"2019-04-09",9,4,2019,2,"tuesday",15,"Spring"
"2000-09-10",10,9,2000,3,"sunday",36,"Fall"
"2024-02-10",10,2,2024,1,"saturday",6,"Winter"
"2004-09-30",30,9,2004,3,"thursday",40,"Fall"
"2011-03-06",6,3,2011,1,"sunday",9,"Spring"
"2003-06-23",23,6,2003,2,"monday",26,"Summer"
"2023-02-02",2,2,2023,1,"thursday",5,"Winter"
"2020-11-06",6,11,2020,4,"friday",45,"Fall"
"2022-08-10",10,8,2022,3,"wednesday",32,"Summer"
"2014-06-30",30,6,2014,2,"monday",27,"Summer"
"2017-12-01",1,12,2017,4,"friday",48,"Winter"
"2005-03-21",21,3,2005,1,"monday",12,"Spring"
"2008-11-25",25,11,2008,4,"tuesday",48,"Fall"
"2020-11-05",5,11,2020,4,"thursday",45,"Fall"
"2014-09-13",13,9,2014,3,"saturday",37,"Fall"
"2013-11-29",29,11,2013,4,"friday",48,"Fall"
"2014-04-28",28,4,2014,2,"monday",18,"Spring"
"2020-08-14",14,8,2020,3,"friday",33,"Summer"
"2013-08-17",17,8,2013,3,"saturday",33,"Summer"
"2020-12-31",31,12,2020,4,"thursday",53,"Winter"
"2006-11-04",4,11,2006,4,"saturday",44,"Fall"
"2009-01-08",8,1,2009,1,"thursday",2,"Winter"
"2015-10-30",30,10,2015,4,"friday",44,"Fall"
"2004-02-26",26,2,2004,1,"thursday",9,"Winter"
"2001-03-28",28,3,2001,1,"wednesday",13,"Spring"
"2016-10-14",14,10,2016,4,"friday",41,"Fall"
"2001-12-22",22,12,2001,4,"saturday",51,"Winter"
"2016-05-16",16,5,2016,2,"monday",20,"Spring"
"2013-03-27",27,3,2013,1,"wednesday",13,"Spring"
"2020-02-27",27,2,2020,1,"thursday",9,"Winter"
"2001-06-19",19,6,2001,2,"tuesday",25,"Summer"
"2002-02-28",28,2,2002,1,"thursday",9,"Winter"
"2015-05-15",15,5,2015,2,"friday",20,"Spring"
"2021-02-07",7,2,2021,1,"sunday",5,"Winter"
"2023-05-18",18,5,2023,2,"thursday",20,"Spring"
"2022-01-04",4,1,2022,1,"tuesday",1,"Winter"
"2007-06-11",11,6,2007,2,"monday",24,"Summer"
"2016-03-29",29,3,2016,1,"tuesday",13,"Spring"
"2016-11-06",6,11,2016,4,"sunday",44,"Fall"
"2019-05-02",2,5,2019,2,"thursday",18,"Spring"
"2023-12-08",8,12,2023,4,"friday",49,"Winter"
"2009-07-05",5,7,2009,3,"sunday",27,"Summer"
"2007-02-02",2,2,2007,1,"friday",5,"Winter"
"2001-05-25",25,5,2001,2,"friday",21,"Spring"
"2018-03-18",18,3,2018,1,"sunday",11,"Spring"
"2004-11-20",20,11,2004,4,"saturday",47,"Fall"
"2020-12-24",24,12,2020,4,"thursday",52,"Winter"
"2011-03-02",2,3,2011,1,"wednesday",9,"Spring"
"2024-02-10",10,2,2024,1,"saturday",6,"Winter"
"2021-02-15",15,2,2021,1,"monday",7,"Winter"
"2020-11-26",26,11,2020,4,"thursday",48,"Fall"
"2023-06-20",20,6,2023,2,"tuesday",25,"Summer"
"2021-12-20",20,12,2021,4,"monday",51,"Winter"
"2014-12-08",8,12,2014,4,"monday",50,"Winter"
"2002-05-02",2,5,2002,2,"thursday",18,"Spring"
"2001-05-26",26,5,2001,2,"saturday",21,"Spring"
"2010-12-17",17,12,2010,4,"friday",50,"Winter"
"2018-10-19",19,10,2018,4,"friday",42,"Fall"
"2003-07-11",11,7,2003,3,"friday",28,"Summer"
"2004-06-23",23,6,2004,2,"wednesday",26,"Summer"
"2012-10-24",24,10,2012,4,"wednesday",43,"Fall"
"2018-08-23",23,8,2018,3,"thursday",34,"Summer"
"2016-07-14",14,7,2016,3,"thursday",28,"Summer"
"2021-07-31",31,7,2021,3,"saturday",30,"Summer"
"2002-12-21",21,12,2002,4,"saturday",51,"Winter"
"2011-06-11",11,6,2011,2,"saturday",23,"Summer"
"2004-04-04",4,4,2004,2,"sunday",14,"Spring"
"2013-09-27",27,9,2013,3,"friday",39,"Fall"
"2010-08-14",14,8,2010,3,"saturday",32,"Summer"
"2014-01-04",4,1,2014,1,"saturday",1,"Winter"
"2005-02-02",2,2,2005,1,"wednesday",5,"Winter"
"2005-02-06",6,2,2005,1,"sunday",5,"Winter"
"2013-10-19",19,10,2013,4,"saturday",42,"Fall"
"2022-07-24",24,7,2022,3,"sunday",29,"Summer"
"2020-05-22",22,5,2020,2,"friday",21,"Spring"
"2001-08-17",17,8,2001,3,"friday",33,"Summer"
"2000-08-27",27,8,2000,3,"sunday",34,"Summer"
"2012-09-14",14,9,2012,3,"friday",37,"Fall"
"2003-03-04",4,3,2003,1,"tuesday",10,"Spring"
"2000-11-22",22,11,2000,4,"wednesday",47,"Fall"
"2014-05-17",17,5,2014,2,"saturday",20,"Spring"
"2003-12-29",29,12,2003,4,"monday",1,"Winter"
"2000-09-14",14,9,2000,3,"thursday",37,"Fall"
"2006-02-10",10,2,2006,1,"friday",6,"Winter"
"2015-10-27",27,10,2015,4,"tuesday",44,"Fall"
"2001-01-13",13,1,2001,1,"saturday",2,"Winter"
"2004-03-27",27,3,2004,1,"saturday",13,"Spring"
"2010-02-03",3,2,2010,1,"wednesday",5,"Winter"
"2023-10-05",5,10,2023,4,"thursday",40,"Fall"
"2020-12-09",9,12,2020,4,"wednesday",50,"Winter"
"2011-01-29",29,1,2011,1,"saturday",4,"Winter"
"2017-05-27",27,5,2017,2,"saturday",21,"Spring"
"2000-09-24",24,9,2000,3,"sunday",38,"Fall"
"2017-02-04",4,2,2017,1,"saturday",5,"Winter"
"2010-11-04",4,11,2010,4,"thursday",44,"Fall"
"2009-06-10",10,6,2009,2,"wednesday",24,"Summer"
"2011-01-03",3,1,2011,1,"monday",1,"Winter"
"2019-01-05",5,1,2019,1,"saturday",1,"Winter"
"2020-01-31",31,1,2020,1,"friday",5,"Winter"
"2008-09-20",20,9,2008,3,"saturday",38,"Fall"
"2004-10-06",6,10,2004,4,"wednesday",41,"Fall"
"2002-09-01",1,9,2002,3,"sunday",35,"Fall"
"2002-01-29",29,1,2002,1,"tuesday",5,"Winter"
"2022-07-29",29,7,2022,3,"friday",30,"Summer"
"2011-07-07",7,7,2011,3,"thursday",27,"Summer"
"2013-09-02",2,9,2013,3,"monday",36,"Fall"
"2017-04-23",23,4,2017,2,"sunday",16,"Spring"
"2015-06-04",4,6,2015,2,"thursday",23,"Summer"
"2021-01-26",26,1,2021,1,"tuesday",4,"Winter"
"2023-08-11",11,8,2023,3,"friday",32,"Summer"
"2018-08-07",7,8,2018,3,"tuesday",32,"Summer"
"2007-03-05",5,3,2007,1,"monday",10,"Spring"
"2019-03-29",29,3,2019,1,"friday",13,"Spring"
"2012-12-04",4,12,2012,4,"tuesday",49,"Winter"
"2018-01-16",16,1,2018,1,"tuesday",3,"Winter"
"2019-05-12",12,5,2019,2,"sunday",19,"Spring"
"2024-03-23",23,3,2024,1,"saturday",12,"Spring"
"2005-06-30",30,6,2005,2,"thursday",26,"Summer"
"2010-10-08",8,10,2010,4,"friday",40,"Fall"
"2003-05-04",4,5,2003,2,"sunday",18,"Spring"
"2019-01-26",26,1,2019,1,"saturday",4,"Winter"
"2007-11-23",23,11,2007,4,"friday",47,"Fall"
"2020-09-11",11,9,2020,3,"friday",37,"Fall"
"2006-05-22",22,5,2006,2,"monday",21,"Spring"
"2012-06-20",20,6,2012,2,"wednesday",25,"Summer"
"2010-07-03",3,7,2010,3,"saturday",26,"Summer"
"2004-10-07",7,10,2004,4,"thursday",41,"Fall"
"2019-09-18",18,9,2019,3,"wednesday",38,"Fall"
"2024-01-12",12,1,2024,1,"friday",2,"Winter"
"2017-05-12",12,5,2017,2,"friday",19,"Spring"
"2023-06-01",1,6,2023,2,"thursday",22,"Summer"
"2013-11-14",14,11,2013,4,"thursday",46,"Fall"
"2012-10-08",8,10,2012,4,"monday",41,"Fall"
"2014-05-13",13,5,2014,2,"tuesday",20,"Spring"
"2022-07-01",1,7,2022,3,"friday",26,"Summer"
"2002-11-15",15,11,2002,4,"friday",46,"Fall"
"2009-03-22",22,3,2009,1,"sunday",12,"Spring"
"2005-12-03",3,12,2005,4,"saturday",48,"Winter"
"2011-08-14",14,8,2011,3,"sunday",32,"Summer"
"2018-07-03",3,7,2018,3,"tuesday",27,"Summer"
"2001-03-20",20,3,2001,1,"tuesday",12,"Spring"
"2015-06-24",24,6,2015,2,"wednesday",26,"Summer"
"2018-11-27",27,11,2018,4,"tuesday",48,"Fall"
"2002-08-17",17,8,2002,3,"saturday",33,"Summer"
"2014-09-13",13,9,2014,3,"saturday",37,"Fall"
"2009-11-15",15,11,2009,4,"sunday",46,"Fall"
"2002-04-23",23,4,2002,2,"tuesday",17,"Spring"
"2014-03-19",19,3,2014,1,"wednesday",12,"Spring"
"2021-11-27",27,11,2021,4,"saturday",47,"Fall"
"2001-08-13",13,8,2001,3,"monday",33,"Summer"
"2012-03-26",26,3,2012,1,"monday",13,"Spring"
"2016-05-05",5,5,2016,2,"thursday",18,"Spring"
"2013-05-25",25,5,2013,2,"saturday",21,"Spring"
"2010-09-10",10,9,2010,3,"friday",36,"Fall"
"2009-12-24",24,12,2009,4,"thursday",52,"Winter"
"2001-01-30",30,1,2001,1,"tuesday",5,"Winter"
"2013-04-01",1,4,2013,2,"monday",14,"Spring"
"2006-02-07",7,2,2006,1,"tuesday",6,"Winter"
"2023-06-21",21,6,2023,2,"wednesday",25,"Summer"
"2018-06-20",20,6,2018,2,"wednesday",25,"Summer"
"2014-11-18",18,11,2014,4,"tuesday",47,"Fall"
"2002-12-11",11,12,2002,4,"wednesday",50,"Winter"
"2024-05-13",13,5,2024,2,"monday",20,"Spring"
"2011-11-08",8,11,2011,4,"tuesday",45,"Fall"
"2017-06-10",10,6,2017,2,"saturday",23,"Summer"
"2004-09-19",19,9,2004,3,"sunday",38,"Fall"
"2008-08-04",4,8,2008,3,"monday",32,"Summer"
"2008-04-01",1,4,2008,2,"tuesday",14,"Spring"
"2011-04-01",1,4,2011,2,"friday",13,"Spring"
"2013-07-21",21,7,2013,3,"sunday",29,"Summer"
"2011-07-18",18,7,2011,3,"monday",29,"Summer"
"2017-11-16",16,11,2017,4,"thursday",46,"Fall"
"2010-04-24",24,4,2010,2,"saturday",16,"Spring"
"2010-05-27",27,5,2010,2,"thursday",21,"Spring"
"2023-03-22",22,3,2023,1,"wednesday",12,"Spring"
"2002-06-11",11,6,2002,2,"tuesday",24,"Summer"
"2008-03-30",30,3,2008,1,"sunday",13,"Spring"
"2009-08-11",11,8,2009,3,"tuesday",33,"Summer"
"2023-10-04",4,10,2023,4,"wednesday",40,"Fall"
"2009-10-05",5,10,2009,4,"monday",41,"Fall"
"2001-01-30",30,1,2001,1,"tuesday",5,"Winter"
"2008-06-12",12,6,2008,2,"thursday",24,"Summer"
"2003-12-24",24,12,2003,4,"wednesday",52,"Winter"
"2015-06-12",12,6,2015,2,"friday",24,"Summer"
"2016-11-26",26,11,2016,4,"saturday",47,"Fall"
"2021-05-04",4,5,2021,2,"tuesday",18,"Spring"
"2021-07-13",13,7,2021,3,"tuesday",28,"Summer"
"2010-11-25",25,11,2010,4,"thursday",47,"Fall"
"2003-03-31",31,3,2003,1,"monday",14,"Spring"
"2017-10-08",8,10,2017,4,"sunday",40,"Fall"
"2011-02-07",7,2,2011,1,"monday",6,"Winter"
"2013-11-27",27,11,2013,4,"wednesday",48,"Fall"
"2020-08-14",14,8,2020,3,"friday",33,"Summer"
"2006-05-08",8,5,2006,2,"monday",19,"Spring"
"2003-11-20",20,11,2003,4,"thursday",47,"Fall"
"2014-04-28",28,4,2014,2,"monday",18,"Spring"
"2013-05-11",11,5,2013,2,"saturday",19,"Spring"
"2014-10-05",5,10,2014,4,"sunday",40,"Fall"
"2023-11-15",15,11,2023,4,"wednesday",46,"Fall"
"2015-07-02",2,7,2015,3,"thursday",27,"Summer"
"2014-01-08",8,1,2014,1,"wednesday",2,"Winter"
"2001-09-23",23,9,2001,3,"sunday",38,"Fall"
"2002-03-24",24,3,2002,1,"sunday",12,"Spring"
"2012-04-07",7,4,2012,2,"saturday",14,"Spring"
"2014-04-18",18,4,2014,2,"friday",16,"Spring"
"2020-03-04",4,3,2020,1,"wednesday",10,"Spring"
"2016-01-03",3,1,2016,1,"sunday",53,"Winter"
"2016-05-25",25,5,2016,2,"wednesday",21,"Spring"
"2001-03-05",5,3,2001,1,"monday",10,"Spring"
"2015-08-15",15,8,2015,3,"saturday",33,"Summer"
"2010-03-13",13,3,2010,1,"saturday",10,"Spring"
"2001-08-31",31,8,2001,3,"friday",35,"Summer"
"2021-07-11",11,7,2021,3,"sunday",27,"Summer"
"2014-12-27",27,12,2014,4,"saturday",52,"Winter"
"2004-01-25",25,1,2004,1,"sunday",4,"Winter"
"2013-06-11",11,6,2013,2,"tuesday",24,"Summer"
"2009-10-25",25,10,2009,4,"sunday",43,"Fall"
"2006-05-25",25,5,2006,2,"thursday",21,"Spring"
"2015-07-18",18,7,2015,3,"saturday",29,"Summer"
"2006-10-19",19,10,2006,4,"thursday",42,"Fall"
"2003-03-22",22,3,2003,1,"saturday",12,"Spring"
"2011-03-08",8,3,2011,1,"tuesday",10,"Spring"
"2006-01-29",29,1,2006,1,"sunday",4,"Winter"
"2012-12-17",17,12,2012,4,"monday",51,"Winter"
"2003-03-16",16,3,2003,1,"sunday",11,"Spring"
"2020-04-20",20,4,2020,2,"monday",17,"Spring"
"2018-07-07",7,7,2018,3,"saturday",27,"Summer"
"2018-07-19",19,7,2018,3,"thursday",29,"Summer"
"2009-03-17",17,3,2009,1,"tuesday",12,"Spring"
"2012-08-23",23,8,2012,3,"thursday",34,"Summer"
"2017-06-21",21,6,2017,2,"wednesday",25,"Summer"
"2009-11-03",3,11,2009,4,"tuesday",45,"Fall"
"2010-03-27",27,3,2010,1,"saturday",12,"Spring"
"2014-01-17",17,1,2014,1,"friday",3,"Winter"
"2021-06-13",13,6,2021,2,"sunday",23,"Summer"
"2008-07-26",26,7,2008,3,"saturday",30,"Summer"
"2004-10-27",27,10,2004,4,"wednesday",44,"Fall"
"2015-12-08",8,12,2015,4,"tuesday",50,"Winter"
"2002-02-02",2,2,2002,1,"saturday",5,"Winter"
"2016-08-08",8,8,2016,3,"monday",32,"Summer"
"2019-10-14",14,10,2019,4,"monday",42,"Fall"
"2003-08-04",4,8,2003,3,"monday",32,"Summer"
"2008-09-12",12,9,2008,3,"friday",37,"Fall"
"2017-12-04",4,12,2017,4,"monday",49,"Winter"
"2018-03-21",21,3,2018,1,"wednesday",12,"Spring"
"2016-09-12",12,9,2016,3,"monday",37,"Fall"
"2005-05-30",30,5,2005,2,"monday",22,"Spring"
"2002-01-13",13,1,2002,1,"sunday",2,"Winter"
"2006-07-29",29,7,2006,3,"saturday",30,"Summer"
"2006-12-19",19,12,2006,4,"tuesday",51,"Winter"
"2008-05-16",16,5,2008,2,"friday",20,"Spring"
"2005-09-21",21,9,2005,3,"wednesday",38,"Fall"
"2007-11-24",24,11,2007,4,"saturday",47,"Fall"
"2009-01-24",24,1,2009,1,"saturday",4,"Winter"
"2016-08-13",13,8,2016,3,"saturday",32,"Summer"
"2024-04-26",26,4,2024,2,"friday",17,"Spring"
"2021-02-11",11,2,2021,1,"thursday",6,"Winter"
"2006-12-18",18,12,2006,4,"monday",51,"Winter"
"2007-12-20",20,12,2007,4,"thursday",51,"Winter"
"2010-01-01",1,1,2010,1,"friday",53,"Winter"
"2013-08-31",31,8,2013,3,"saturday",35,"Summer"
"2009-06-12",12,6,2009,2,"friday",24,"Summer"
"2004-11-01",1,11,2004,4,"monday",45,"Fall"
"2018-04-17",17,4,2018,2,"tuesday",16,"Spring"
"2011-08-02",2,8,2011,3,"tuesday",31,"Summer"
"2009-02-04",4,2,2009,1,"wednesday",6,"Winter"
"2002-12-24",24,12,2002,4,"tuesday",52,"Winter"
"2003-11-29",29,11,2003,4,"saturday",48,"Fall"
"2004-11-05",5,11,2004,4,"friday",45,"Fall"
"2007-06-21",21,6,2007,2,"thursday",25,"Summer"
"2005-05-10",10,5,2005,2,"tuesday",19,"Spring"
"2005-05-31",31,5,2005,2,"tuesday",22,"Spring"
"2014-03-04",4,3,2014,1,"tuesday",10,"Spring"
"2007-06-23",23,6,2007,2,"saturday",25,"Summer"
"2013-06-08",8,6,2013,2,"saturday",23,"Summer"
"2024-02-23",23,2,2024,1,"friday",8,"Winter"
"2005-11-29",29,11,2005,4,"tuesday",48,"Fall"
"2012-11-01",1,11,2012,4,"thursday",44,"Fall"
"2010-01-22",22,1,2010,1,"friday",3,"Winter"
"2022-03-20",20,3,2022,1,"sunday",11,"Spring"
"2009-03-26",26,3,2009,1,"thursday",13,"Spring"
"2003-05-02",2,5,2003,2,"friday",18,"Spring"
"2006-02-09",9,2,2006,1,"thursday",6,"Winter"
"2005-03-29",29,3,2005,1,"tuesday",13,"Spring"
"2021-08-06",6,8,2021,3,"friday",31,"Summer"
"2013-12-06",6,12,2013,4,"friday",49,"Winter"
"2019-09-15",15,9,2019,3,"sunday",37,"Fall"
"2014-03-08",8,3,2014,1,"saturday",10,"Spring"
"2016-06-28",28,6,2016,2,"tuesday",26,"Summer"
"2010-05-14",14,5,2010,2,"friday",19,"Spring"
"2003-10-24",24,10,2003,4,"friday",43,"Fall"
"2004-06-15",15,6,2004,2,"tuesday",25,"Summer"
"2011-03-03",3,3,2011,1,"thursday",9,"Spring"
"2004-11-14",14,11,2004,4,"sunday",46,"Fall"
"2008-03-04",4,3,2008,1,"tuesday",10,"Spring"
"2011-12-02",2,12,2011,4,"friday",48,"Winter"
"2022-06-28",28,6,2022,2,"tuesday",26,"Summer"
"2005-07-04",4,7,2005,3,"monday",27,"Summer"
"2024-05-26",26,5,2024,2,"sunday",21,"Spring"
"2000-11-08",8,11,2000,4,"wednesday",45,"Fall"
"2014-06-23",23,6,2014,2,"monday",26,"Summer"
"2022-06-02",2,6,2022,2,"thursday",22,"Summer"
"2011-06-11",11,6,2011,2,"saturday",23,"Summer"
"2023-01-28",28,1,2023,1,"saturday",4,"Winter"
"2020-03-23",23,3,2020,1,"monday",13,"Spring"
"2007-08-03",3,8,2007,3,"friday",31,"Summer"
"2011-05-16",16,5,2011,2,"monday",20,"Spring"
"2016-05-15",15,5,2016,2,"sunday",19,"Spring"
"2007-09-04",4,9,2007,3,"tuesday",36,"Fall"
"2016-05-18",18,5,2016,2,"wednesday",20,"Spring"
"2003-12-21",21,12,2003,4,"sunday",51,"Winter"
"2016-02-22",22,2,2016,1,"monday",8,"Winter"
"2022-06-27",27,6,2022,2,"monday",26,"Summer"
"2007-08-31",31,8,2007,3,"friday",35,"Summer"
"2021-10-15",15,10,2021,4,"friday",41,"Fall"
"2020-08-20",20,8,2020,3,"thursday",34,"Summer"
"2014-08-11",11,8,2014,3,"monday",33,"Summer"
"2023-05-21",21,5,2023,2,"sunday",20,"Spring"
"2013-04-04",4,4,2013,2,"thursday",14,"Spring"
"2018-08-04",4,8,2018,3,"saturday",31,"Summer"
"2017-03-28",28,3,2017,1,"tuesday",13,"Spring"
"2006-04-28",28,4,2006,2,"friday",17,"Spring"
"2020-08-20",20,8,2020,3,"thursday",34,"Summer"
"2002-07-18",18,7,2002,3,"thursday",29,"Summer"
"2013-02-06",6,2,2013,1,"wednesday",6,"Winter"
"2014-08-11",11,8,2014,3,"monday",33,"Summer"
"2011-11-15",15,11,2011,4,"tuesday",46,"Fall"
"2014-03-31",31,3,2014,1,"monday",14,"Spring"
"2015-08-31",31,8,2015,3,"monday",36,"Summer"
"2000-09-18",18,9,2000,3,"monday",38,"Fall"
"2021-01-03",3,1,2021,1,"sunday",53,"Winter"
"2001-12-14",14,12,2001,4,"friday",50,"Winter"
"2004-11-10",10,11,2004,4,"wednesday",46,"Fall"
"2012-02-08",8,2,2012,1,"wednesday",6,"Winter"
"2023-12-08",8,12,2023,4,"friday",49,"Winter"
"2006-01-16",16,1,2006,1,"monday",3,"Winter"
"2004-11-10",10,11,2004,4,"wednesday",46,"Fall"
"2019-06-11",11,6,2019,2,"tuesday",24,"Summer"
"2015-04-23",23,4,2015,2,"thursday",17,"Spring"
"2019-05-05",5,5,2019,2,"sunday",18,"Spring"
"2022-09-27",27,9,2022,3,"tuesday",39,"Fall"
"2005-04-14",14,4,2005,2,"thursday",15,"Spring"
"2001-07-26",26,7,2001,3,"thursday",30,"Summer"
"2022-10-09",9,10,2022,4,"sunday",40,"Fall"
"2002-11-09",9,11,2002,4,"saturday",45,"Fall"
"2014-06-19",19,6,2014,2,"thursday",25,"Summer"
"2002-05-03",3,5,2002,2,"friday",18,"Spring"
"2009-02-06",6,2,2009,1,"friday",6,"Winter"
"2008-08-28",28,8,2008,3,"thursday",35,"Summer"
"2007-09-29",29,9,2007,3,"saturday",39,"Fall"
"2023-03-06",6,3,2023,1,"monday",10,"Spring"
"2009-08-31",31,8,2009,3,"monday",36,"Summer"
"2014-04-07",7,4,2014,2,"monday",15,"Spring"
"2020-02-14",14,2,2020,1,"friday",7,"Winter"
"2021-03-29",29,3,2021,1,"monday",13,"Spring"
"2015-10-12",12,10,2015,4,"monday",42,"Fall"
"2011-05-07",7,5,2011,2,"saturday",18,"Spring"
"2010-11-28",28,11,2010,4,"sunday",47,"Fall"
"2009-01-24",24,1,2009,1,"saturday",4,"Winter"
"2013-06-07",7,6,2013,2,"friday",23,"Summer"
"2013-01-11",11,1,2013,1,"friday",2,"Winter"
"2022-12-19",19,12,2022,4,"monday",51,"Winter"
"2001-05-27",27,5,2001,2,"sunday",21,"Spring"
"2021-06-16",16,6,2021,2,"wednesday",24,"Summer"
"2017-08-18",18,8,2017,3,"friday",33,"Summer"
"2017-11-13",13,11,2017,4,"monday",46,"Fall"
"2008-11-27",27,11,2008,4,"thursday",48,"Fall"
"2016-10-07",7,10,2016,4,"friday",40,"Fall"
"2022-04-26",26,4,2022,2,"tuesday",17,"Spring"
"2007-05-07",7,5,2007,2,"monday",19,"Spring"
"2001-05-03",3,5,2001,2,"thursday",18,"Spring"
"2017-12-04",4,12,2017,4,"monday",49,"Winter"
"2011-05-24",24,5,2011,2,"tuesday",21,"Spring"
"2024-06-12",12,6,2024,2,"wednesday",24,"Summer"
"2005-11-20",20,11,2005,4,"sunday",46,"Fall"
"2015-02-28",28,2,2015,1,"saturday",9,"Winter"
"2006-08-30",30,8,2006,3,"wednesday",35,"Summer"
"2022-04-09",9,4,2022,2,"saturday",14,"Spring"
"2006-12-14",14,12,2006,4,"thursday",50,"Winter"
"2016-07-12",12,7,2016,3,"tuesday",28,"Summer"
"2011-03-24",24,3,2011,1,"thursday",12,"Spring"
"2022-10-15",15,10,2022,4,"saturday",41,"Fall"
"2011-10-15",15,10,2011,4,"saturday",41,"Fall"
"2012-06-09",9,6,2012,2,"saturday",23,"Summer"
"2005-05-07",7,5,2005,2,"saturday",18,"Spring"
"2016-08-22",22,8,2016,3,"monday",34,"Summer"
"2011-01-29",29,1,2011,1,"saturday",4,"Winter"
"2015-05-16",16,5,2015,2,"saturday",20,"Spring"
"2018-04-18",18,4,2018,2,"wednesday",16,"Spring"
"2016-03-25",25,3,2016,1,"friday",12,"Spring"
"2001-05-11",11,5,2001,2,"friday",19,"Spring"
"2007-06-02",2,6,2007,2,"saturday",22,"Summer"
"2011-06-20",20,6,2011,2,"monday",25,"Summer"
"2018-05-10",10,5,2018,2,"thursday",19,"Spring"
"2004-03-18",18,3,2004,1,"thursday",12,"Spring"
"2004-06-18",18,6,2004,2,"friday",25,"Summer"
"2017-04-11",11,4,2017,2,"tuesday",15,"Spring"
"2012-09-25",25,9,2012,3,"tuesday",39,"Fall"
"2016-07-06",6,7,2016,3,"wednesday",27,"Summer"
"2012-09-21",21,9,2012,3,"friday",38,"Fall"
"2002-05-28",28,5,2002,2,"tuesday",22,"Spring"
"2014-09-13",13,9,2014,3,"saturday",37,"Fall"
"2022-09-13",13,9,2022,3,"tuesday",37,"Fall"
"2019-12-04",4,12,2019,4,"wednesday",49,"Winter"
"2015-10-19",19,10,2015,4,"monday",43,"Fall"
"2023-06-11",11,6,2023,2,"sunday",23,"Summer"
"2023-07-08",8,7,2023,3,"saturday",27,"Summer"
"2023-08-27",27,8,2023,3,"sunday",34,"Summer"
"2019-11-14",14,11,2019,4,"thursday",46,"Fall"
"2009-04-03",3,4,2009,2,"friday",14,"Spring"
"2020-01-06",6,1,2020,1,"monday",2,"Winter"
"2024-06-28",28,6,2024,2,"friday",26,"Summer"
"2006-11-12",12,11,2006,4,"sunday",45,"Fall"
"2019-07-12",12,7,2019,3,"friday",28,"Summer"
"2003-06-10",10,6,2003,2,"tuesday",24,"Summer"
"2015-01-31",31,1,2015,1,"saturday",5,"Winter"
"2007-07-22",22,7,2007,3,"sunday",29,"Summer"
"2014-09-24",24,9,2014,3,"wednesday",39,"Fall"
"2001-08-06",6,8,2001,3,"monday",32,"Summer"
"2004-01-03",3,1,2004,1,"saturday",1,"Winter"
"2022-04-01",1,4,2022,2,"friday",13,"Spring"
"2024-05-06",6,5,2024,2,"monday",19,"Spring"
"2010-06-29",29,6,2010,2,"tuesday",26,"Summer"
"2010-05-07",7,5,2010,2,"friday",18,"Spring"
"2023-06-09",9,6,2023,2,"friday",23,"Summer"
"2003-08-12",12,8,2003,3,"tuesday",33,"Summer"
"2022-10-10",10,10,2022,4,"monday",41,"Fall"
"2010-10-19",19,10,2010,4,"tuesday",42,"Fall"
"2018-12-08",8,12,2018,4,"saturday",49,"Winter"
"2013-04-11",11,4,2013,2,"thursday",15,"Spring"
"2013-06-27",27,6,2013,2,"thursday",26,"Summer"
"2004-02-29",29,2,2004,1,"sunday",9,"Winter"
"2022-01-14",14,1,2022,1,"friday",2,"Winter"
"2017-01-27",27,1,2017,1,"friday",4,"Winter"
"2011-10-05",5,10,2011,4,"wednesday",40,"Fall"
"2004-06-30",30,6,2004,2,"wednesday",27,"Summer"
"2022-10-30",30,10,2022,4,"sunday",43,"Fall"
"2010-05-04",4,5,2010,2,"tuesday",18,"Spring"
"2018-09-08",8,9,2018,3,"saturday",36,"Fall"
"2014-11-12",12,11,2014,4,"wednesday",46,"Fall"
"2003-09-26",26,9,2003,3,"friday",39,"Fall"
"2024-05-19",19,5,2024,2,"sunday",20,"Spring"
"2003-09-14",14,9,2003,3,"sunday",37,"Fall"
"2011-06-10",10,6,2011,2,"friday",23,"Summer"
"2022-02-04",4,2,2022,1,"friday",5,"Winter"
"2017-07-11",11,7,2017,3,"tuesday",28,"Summer"
"2005-12-04",4,12,2005,4,"sunday",48,"Winter"
"2011-08-30",30,8,2011,3,"tuesday",35,"Summer"
"2003-07-24",24,7,2003,3,"thursday",30,"Summer"
"2011-03-12",12,3,2011,1,"saturday",10,"Spring"
"2016-11-07",7,11,2016,4,"monday",45,"Fall"
"2023-01-14",14,1,2023,1,"saturday",2,"Winter"
"2003-02-18",18,2,2003,1,"tuesday",8,"Winter"
"2020-12-13",13,12,2020,4,"sunday",50,"Winter"
"2009-02-20",20,2,2009,1,"friday",8,"Winter"
"2006-01-19",19,1,2006,1,"thursday",3,"Winter"
"2013-08-21",21,8,2013,3,"wednesday",34,"Summer"
"2006-05-17",17,5,2006,2,"wednesday",20,"Spring"
"2023-07-19",19,7,2023,3,"wednesday",29,"Summer"
"2007-07-31",31,7,2007,3,"tuesday",31,"Summer"
"2005-11-25",25,11,2005,4,"friday",47,"Fall"
"2002-11-27",27,11,2002,4,"wednesday",48,"Fall"
"2000-09-27",27,9,2000,3,"wednesday",39,"Fall"
"2001-09-16",16,9,2001,3,"sunday",37,"Fall"
"2021-10-28",28,10,2021,4,"thursday",43,"Fall"
"2009-08-30",30,8,2009,3,"sunday",35,"Summer"
"2017-03-23",23,3,2017,1,"thursday",12,"Spring"
"2020-02-18",18,2,2020,1,"tuesday",8,"Winter"
"2004-04-18",18,4,2004,2,"sunday",16,"Spring"
"2021-08-03",3,8,2021,3,"tuesday",31,"Summer"
"2017-07-13",13,7,2017,3,"thursday",28,"Summer"
"2011-12-12",12,12,2011,4,"monday",50,"Winter"
"2010-08-11",11,8,2010,3,"wednesday",32,"Summer"
"2016-12-17",17,12,2016,4,"saturday",50,"Winter"
"2023-10-10",10,10,2023,4,"tuesday",41,"Fall"
"2014-08-24",24,8,2014,3,"sunday",34,"Summer"
"2018-09-09",9,9,2018,3,"sunday",36,"Fall"
"2017-09-24",24,9,2017,3,"sunday",38,"Fall"
"2020-06-18",18,6,2020,2,"thursday",25,"Summer"
"2011-05-24",24,5,2011,2,"tuesday",21,"Spring"
"2015-12-14",14,12,2015,4,"monday",51,"Winter"
"2020-01-01",1,1,2020,1,"wednesday",1,"Winter"
"2001-05-27",27,5,2001,2,"sunday",21,"Spring"
"2020-04-27",27,4,2020,2,"monday",18,"Spring"
"2013-01-15",15,1,2013,1,"tuesday",3,"Winter"
"2018-12-25",25,12,2018,4,"tuesday",52,"Winter"
"2002-05-13",13,5,2002,2,"monday",20,"Spring"
"2015-02-08",8,2,2015,1,"sunday",6,"Winter"
"2007-07-14",14,7,2007,3,"saturday",28,"Summer"
"2003-01-31",31,1,2003,1,"friday",5,"Winter"
"2022-11-08",8,11,2022,4,"tuesday",45,"Fall"
"2002-12-12",12,12,2002,4,"thursday",50,"Winter"
"2023-05-13",13,5,2023,2,"saturday",19,"Spring"
"2022-09-22",22,9,2022,3,"thursday",38,"Fall"
"2012-08-06",6,8,2012,3,"monday",32,"Summer"
"2014-10-26",26,10,2014,4,"sunday",43,"Fall"
"2006-11-26",26,11,2006,4,"sunday",47,"Fall"
"2006-08-18",18,8,2006,3,"friday",33,"Summer"
"2023-04-12",12,4,2023,2,"wednesday",15,"Spring"
"2023-02-10",10,2,2023,1,"friday",6,"Winter"
"2021-04-15",15,4,2021,2,"thursday",15,"Spring"
"2004-07-14",14,7,2004,3,"wednesday",29,"Summer"
"2020-10-13",13,10,2020,4,"tuesday",42,"Fall"
"2009-03-20",20,3,2009,1,"friday",12,"Spring"
"2022-11-01",1,11,2022,4,"tuesday",44,"Fall"
"2013-02-04",4,2,2013,1,"monday",6,"Winter"
"2021-09-19",19,9,2021,3,"sunday",37,"Fall"
"2020-05-18",18,5,2020,2,"monday",21,"Spring"
"2001-06-26",26,6,2001,2,"tuesday",26,"Summer"
"2003-05-06",6,5,2003,2,"tuesday",19,"Spring"
"2011-05-12",12,5,2011,2,"thursday",19,"Spring"
"2003-09-19",19,9,2003,3,"friday",38,"Fall"
"2009-08-15",15,8,2009,3,"saturday",33,"Summer"
"2002-02-15",15,2,2002,1,"friday",7,"Winter"
"2003-07-18",18,7,2003,3,"friday",29,"Summer"
"2018-06-12",12,6,2018,2,"tuesday",24,"Summer"
"2010-11-04",4,11,2010,4,"thursday",44,"Fall"
"2011-08-09",9,8,2011,3,"tuesday",32,"Summer"
"2014-03-23",23,3,2014,1,"sunday",12,"Spring"
"2021-12-14",14,12,2021,4,"tuesday",50,"Winter"
"2015-02-27",27,2,2015,1,"friday",9,"Winter"
"2024-06-07",7,6,2024,2,"friday",23,"Summer"
"2017-10-08",8,10,2017,4,"sunday",40,"Fall"
"2014-04-13",13,4,2014,2,"sunday",15,"Spring"
"2010-08-29",29,8,2010,3,"sunday",34,"Summer"
"2003-07-01",1,7,2003,3,"tuesday",27,"Summer"
"2005-10-28",28,10,2005,4,"friday",43,"Fall"
"2023-09-11",11,9,2023,3,"monday",37,"Fall"
"2010-07-17",17,7,2010,3,"saturday",28,"Summer"
"2022-06-26",26,6,2022,2,"sunday",25,"Summer"
"2012-09-01",1,9,2012,3,"saturday",35,"Fall"
"2020-10-26",26,10,2020,4,"monday",44,"Fall"
"2017-11-20",20,11,2017,4,"monday",47,"Fall"
"2019-01-24",24,1,2019,1,"thursday",4,"Winter"
"2003-11-27",27,11,2003,4,"thursday",48,"Fall"
"2012-07-21",21,7,2012,3,"saturday",29,"Summer"
"2018-07-08",8,7,2018,3,"sunday",27,"Summer"
"2023-05-10",10,5,2023,2,"wednesday",19,"Spring"
"2021-01-18",18,1,2021,1,"monday",3,"Winter"
"2010-06-07",7,6,2010,2,"monday",23,"Summer"
"2016-08-03",3,8,2016,3,"wednesday",31,"Summer"
"2022-02-24",24,2,2022,1,"thursday",8,"Winter"
"2005-08-04",4,8,2005,3,"thursday",31,"Summer"
"2021-08-10",10,8,2021,3,"tuesday",32,"Summer"
"2012-12-28",28,12,2012,4,"friday",52,"Winter"
"2001-07-30",30,7,2001,3,"monday",31,"Summer"
"2019-08-29",29,8,2019,3,"thursday",35,"Summer"
"2021-09-22",22,9,2021,3,"wednesday",38,"Fall"
"2005-11-29",29,11,2005,4,"tuesday",48,"Fall"
"2023-04-25",25,4,2023,2,"tuesday",17,"Spring"
"2005-12-14",14,12,2005,4,"wednesday",50,"Winter"
"2000-07-23",23,7,2000,3,"sunday",29,"Summer"
"2001-11-16",16,11,2001,4,"friday",46,"Fall"
"2008-05-29",29,5,2008,2,"thursday",22,"Spring"
"2008-08-30",30,8,2008,3,"saturday",35,"Summer"
"2009-05-31",31,5,2009,2,"sunday",22,"Spring"
"2005-12-14",14,12,2005,4,"wednesday",50,"Winter"
"2004-08-01",1,8,2004,3,"sunday",31,"Summer"
"2021-01-07",7,1,2021,1,"thursday",1,"Winter"
"2007-11-23",23,11,2007,4,"friday",47,"Fall"
"2008-07-27",27,7,2008,3,"sunday",30,"Summer"
"2019-03-31",31,3,2019,1,"sunday",13,"Spring"
"2009-01-19",19,1,2009,1,"monday",4,"Winter"
"2022-12-20",20,12,2022,4,"tuesday",51,"Winter"
"2015-12-19",19,12,2015,4,"saturday",51,"Winter"
"2019-12-30",30,12,2019,4,"monday",1,"Winter"
"2007-07-28",28,7,2007,3,"saturday",30,"Summer"
"2003-02-27",27,2,2003,1,"thursday",9,"Winter"
"2006-08-22",22,8,2006,3,"tuesday",34,"Summer"
"2017-07-17",17,7,2017,3,"monday",29,"Summer"
"2007-09-03",3,9,2007,3,"monday",36,"Fall"
"2016-03-29",29,3,2016,1,"tuesday",13,"Spring"
"2013-06-17",17,6,2013,2,"monday",25,"Summer"
"2008-04-13",13,4,2008,2,"sunday",15,"Spring"
"2024-02-06",6,2,2024,1,"tuesday",6,"Winter"
"2003-01-04",4,1,2003,1,"saturday",1,"Winter"
"2019-07-21",21,7,2019,3,"sunday",29,"Summer"
"2008-06-19",19,6,2008,2,"thursday",25,"Summer"
"2016-07-26",26,7,2016,3,"tuesday",30,"Summer"
"2014-01-20",20,1,2014,1,"monday",4,"Winter"
"2008-02-18",18,2,2008,1,"monday",8,"Winter"
"2019-09-16",16,9,2019,3,"monday",38,"Fall"
"2012-12-22",22,12,2012,4,"saturday",51,"Winter"
"2004-05-30",30,5,2004,2,"sunday",22,"Spring"
"2023-04-21",21,4,2023,2,"friday",16,"Spring"
"2012-09-23",23,9,2012,3,"sunday",38,"Fall"
"2002-02-24",24,2,2002,1,"sunday",8,"Winter"
"2017-06-03",3,6,2017,2,"saturday",22,"Summer"
"2012-08-28",28,8,2012,3,"tuesday",35,"Summer"
"2003-09-08",8,9,2003,3,"monday",37,"Fall"
"2015-08-26",26,8,2015,3,"wednesday",35,"Summer"
"2007-07-09",9,7,2007,3,"monday",28,"Summer"
"2020-03-12",12,3,2020,1,"thursday",11,"Spring"
"2014-11-01",1,11,2014,4,"saturday",44,"Fall"
"2019-10-09",9,10,2019,4,"wednesday",41,"Fall"
"2004-10-27",27,10,2004,4,"wednesday",44,"Fall"
"2006-10-29",29,10,2006,4,"sunday",43,"Fall"
"2009-07-13",13,7,2009,3,"monday",29,"Summer"
"2006-01-02",2,1,2006,1,"monday",1,"Winter"
"2006-10-10",10,10,2006,4,"tuesday",41,"Fall"
"2014-08-26",26,8,2014,3,"tuesday",35,"Summer"
"2000-09-10",10,9,2000,3,"sunday",36,"Fall"
"2022-04-23",23,4,2022,2,"saturday",16,"Spring"
"2011-06-21",21,6,2011,2,"tuesday",25,"Summer"
"2005-12-21",21,12,2005,4,"wednesday",51,"Winter"
"2024-04-27",27,4,2024,2,"saturday",17,"Spring"
"2017-09-02",2,9,2017,3,"saturday",35,"Fall"
"2013-10-30",30,10,2013,4,"wednesday",44,"Fall"
"2019-07-25",25,7,2019,3,"thursday",30,"Summer"
"2014-12-18",18,12,2014,4,"thursday",51,"Winter"
"2004-11-27",27,11,2004,4,"saturday",48,"Fall"
"2004-05-07",7,5,2004,2,"friday",19,"Spring"
"2018-10-01",1,10,2018,4,"monday",40,"Fall"
"2005-12-09",9,12,2005,4,"friday",49,"Winter"
"2021-03-04",4,3,2021,1,"thursday",9,"Spring"
"2009-07-10",10,7,2009,3,"friday",28,"Summer"
"2020-09-03",3,9,2020,3,"thursday",36,"Fall"
"2017-07-19",19,7,2017,3,"wednesday",29,"Summer"
"2003-03-23",23,3,2003,1,"sunday",12,"Spring"
"2004-11-04",4,11,2004,4,"thursday",45,"Fall"
"2017-10-30",30,10,2017,4,"monday",44,"Fall"
"2007-11-27",27,11,2007,4,"tuesday",48,"Fall"
"2013-01-29",29,1,2013,1,"tuesday",5,"Winter"
"2013-01-11",11,1,2013,1,"friday",2,"Winter"
"2014-08-08",8,8,2014,3,"friday",32,"Summer"
"2023-01-19",19,1,2023,1,"thursday",3,"Winter"
"2009-03-16",16,3,2009,1,"monday",12,"Spring"
"2014-12-17",17,12,2014,4,"wednesday",51,"Winter"
"2020-06-02",2,6,2020,2,"tuesday",23,"Summer"
"2003-05-21",21,5,2003,2,"wednesday",21,"Spring"
"2011-03-07",7,3,2011,1,"monday",10,"Spring"
"2018-01-28",28,1,2018,1,"sunday",4,"Winter"
"2006-11-15",15,11,2006,4,"wednesday",46,"Fall"
"2023-08-13",13,8,2023,3,"sunday",32,"Summer"
"2007-09-11",11,9,2007,3,"tuesday",37,"Fall"
"2020-08-15",15,8,2020,3,"saturday",33,"Summer"
"2009-05-25",25,5,2009,2,"monday",22,"Spring"
"2021-06-23",23,6,2021,2,"wednesday",25,"Summer"
"2018-09-21",21,9,2018,3,"friday",38,"Fall"
"2022-07-27",27,7,2022,3,"wednesday",30,"Summer"
"2005-05-30",30,5,2005,2,"monday",22,"Spring"
"2018-03-08",8,3,2018,1,"thursday",10,"Spring"
